Workbook
Name Alineamiento: 'A-D.- FICHA'!$G$50:$H$52
Name Alineamiento: #REF!
Name CatTipo: 'A-D.- FICHA'!$E$134:$R$134
Name CatTipo: #REF!
Name Cond.Borde: 'A-D.- FICHA'!$C$145:$C$151
Name Cond.Borde: #REF!
Name Cond.Carretera: 'A-D.- FICHA'!$J$376:$J$378
Name Cond.Carretera: #REF!
Name CondAmb: 'A-D.- FICHA'!$N$50:$N$52
Name CondAmb: #REF!
Name elementos: #REF!
Name FormaViga: 'A-D.- FICHA'!$L$154:$L$157
Name FormaViga: #REF!
Name luisa: 'A-D.- FICHA'!$C$162:$C$166
Name luisa: #REF!
Name MarcasdeCalzada: 'A-D.- FICHA'!$G$373
Name MarcasdeCalzada: #REF!
Name Mat: 'A-D.- FICHA'!$G$162:$G$165
Name Mat: #REF!
Name Mat.Predo: 'A-D.- FICHA'!$G$145:$G$152
Name Mat.Predo: #REF!
Name MatBaranda: 'A-D.- FICHA'!$G$283:$G$286
Name MatBaranda: #REF!
Name MatDrenaje: 'A-D.- FICHA'!$M$291:$M$294
Name MatDrenaje: #REF!
Name MaterialCimenta: 'A-D.- FICHA'!$N$162:$N$166
Name MaterialCimenta: #REF!
Name MaterialEleva: 'A-D.- FICHA'!$G$162:$G$165
Name MaterialEleva: #REF!
Name Materiallosa: 'A-D.- FICHA'!$J$145:$J$149
Name Materiallosa: #REF!
Name MatJuntas: 'A-D.- FICHA'!$F$291:$F$294
Name MatJuntas: #REF!
Name MatVeredas: 'A-D.- FICHA'!$J$283:$J$285
Name MatVeredas: #REF!
Name MatVigas: 'A-D.- FICHA'!$H$154:$H$158
Name MatVigas: #REF!
Name Nat.Suelo: 'A-D.- FICHA'!$N$376:$N$381
Name Nat.Suelo: #REF!
Name pendiente: #REF!
Name pendiente: #REF!
Name SeñaCarga: #REF!
Name SeñaCarga: #REF!
Name SeñalInformativa: 'A-D.- FICHA'!$G$361
Name SeñalInformativa: #REF!
Name Señalpreventiva: 'A-D.- FICHA'!$G$363:$G$366
Name Señalpreventiva: #REF!
Name SeñalReglamentaria: 'A-D.- FICHA'!$G$368:$G$371
Name SeñalReglamentaria: #REF!
Name Sobre: 'A-D.- FICHA'!$C$50:$E$57
Name Sobre: #REF!
Name Subestructura: 'A-D.- FICHA'!$G$376:$G$377
Name Subestructura: #REF!
Name SuperDesgaste: 'A-D.- FICHA'!$N$145:$N$149
Name SuperDesgaste: #REF!
Name TipoApoyos: 'A-D.- FICHA'!$N$283:$N$288
Name TipoApoyos: #REF!
Name TipoBarandas: 'A-D.- FICHA'!$C$283:$C$286
Name TipoBarandas: #REF!
Name TipoCimentación: 'A-D.- FICHA'!$J$162:$J$165

Sheet A-D.- FICHA
F1: SERVICIO DE CONSULTORIA PARA EL INVENTARIO ESPECIALIZADO DE LA INFRAESTRUCTURA VIAL EN LOS TRAMOS DE LA RED VIAL NACIONAL NO CONCESIONADA
C4: FICHA SCAP
C7: SECCION (A) : IDENTIFICACIÓN Y UBICACIÓN
H10: Nombre | J10: PUENTE | N10: 1
H12: Código | J12: PE-3N - 01 | N12: 2
C14: Altitud: | G14: 3 | H14: Dpto Político: | J14: LIMA | L14: 6 | N14: Pob. mas cercano | P14: =+J20 -> Matalaque | R14: 10
C16: Latitud | G16: 4 | H16: Dpto Vial | J16: LIMA | L16: 7 | N16: Ruta | P16: 3N | R16: 11
C18: Longitud | G18: 5 | H18: Provincia | J18: LIMA | L18: 8 | N18: Kilometraje | P18: 30298 | R18: 12
H20: Distrito | J20: Matalaque | L20: 9 | N20: Tipo de Ruta | P20: Nacional | R20: 13
C25: SECCION (B): DATOS GENERALES
C28: Puente sobre: | E28: Río | G28: 1 | J28: Número de Proyecto: | N28: 124-2026-MTC/20.2 | P28: 10
C30: Nombre: | E30: Tambo | G30: 2 | J30: Año de Construcción: | N30: Sin Informacion | P30: 11
C32: Longitud Total: | E32: 31.2 | G32: 3 | J32: Última Inspección: | N32: 46308 | P32: 12 | R32: mm/dd/aa
C34: Num de vías de tránsito: | E34: 1 | G34: 4 | J34: Último Trabajo: | N34: Sin Informacion | P34: 13
C36: Ancho de Calzada: | E36: 3.5 | G36: 5 | J36: Tipo de Servicio: | N36: Camiones hasta Cierta Carga | R36: 14
C38: Sobrecarga de Diseño: | E38: N/A | G38: 6 | J38: Flujo de Tráfico: | N38: SIN DATOS | P38: 15
C40: Ancho de Vereda: | E40: N/A | G40: 7 | J40: Año: | N40: 2026 | P40: 16
C42: Altura Libre Superior: | G42: 8 | J42: % Camiones y Buses: | N42: SIN DATOS | P42: 17
C44: Altura Libre Inferior: | E44: 5.63 | G44: 9 | J44: Alineamiento: | N44: Recto | P44: 18
J46: Condiciones Ambientales: | N46: Moderado | P46: 19
C49: Sobre | G49: Alineamiento | J49: Tipo de Servicio | N49: Condiciones Ambientales
C50: Río | G50: Recto | J50: Irrestricto | N50: Severo
C51: Quebrada Seca | G51: Curvo | J51: Solo Automoviles | N51: Moderado | R51: Tipo de ruta
C52: Quebrada | G52: Esviado | J52: Solo Camiones | N52: Benigno | R52: Nacional
C53: Canal | J53: Camiones hasta Cierta Carga | R53: Departamental
C54: Carretera | J54: Fuera de Servicio | R54: Vecinal
C55: FFCC
C56: Valle (Viaducto Elevado)
C57: Zona Urbana (Viaducto elevado)
C60: SECCION (C): DATOS DEL PUENTE
C63: Num Tram: | E63: 1 | G63: 1 | H63: Long. 1ºTramo: | J63: =+E67 -> 31.2 | L63: 4
C65: Tramos: | E65: Iguales | G65: 2 | H65: Long. 2ºTramo: | J65: - | L65: 5
C67: Longitud Total: | E67: =+E32 -> 31.2 | G67: (Igual a B-3) | H67: Long. 3ºTramo: | J67: - | L67: 6
C69: Luz Principal: | E69: 30.45 | G69: 3
C73: C.1 : TRAMO 1 (PRINCIPAL) | J73: C.2 :TRAMO 2
C75: {Sección 1} | J75: {Sección 2} | L75: =+IF(E65="Desiguales","","(igual a Sección 1)") -> (igual a Sección 1) | U75: DEFINITIVO
C76: {Subsección a} | J76: NO TIENE | U76: Losa
C77: Categoría: | E77: PROVISIONALES | G77: 1 | J77: Categoría: | P77: 1 | U77: Losa con Vigas
U78: Portico
C79: Tipo : | E79: Modular | G79: 2 | J79: Tipo : | P79: 2 | U79: Arco
U80: Reticulado
C81: =+IF(E77="ALCANTARILLA","Ojos/Vanos:","Caract. Secundaria:") -> Caract. Secundaria: | H81: 3 | J81: Caract. Secundaria: | R81: 3 | U81: Colgante
C82: {Subsección b} | U82: Atirantado
C83: Condición de borde: | E83: Simp. Apoyado | G83: 4 | J83: Condición de borde: | P83: 4 | U83: PROVISIONALES
C84: {Subsección c} | U84: Modular
C85: Material Predom: | E85: Perfiles Metálicos | G85: 5 | J85: Material Predom: | P85: 5 | U85: Tipo Yawata
U86: Otros
C87: {Si Nº de tramos > 1 y son desiguales, Sección 2} | U87: ALCANTARILLA
U88: Marco
U89: Circular/Ovalada
U90: Arco
U91: Portico
C92: C.3 : TABLERO DE RODADURA | U92: Otros
U93: ARTESANALES
C94: {Sección 3} | U94: Vigas de Troncos de Arboles
U95: Arcos/Porticos de Mamposteria de piedra
C96: {Subsección a} | H96: {Subsección b} | U96: Arco de Concreto Simple
C97: LOSA | H97: VIGAS | J97: NO APLICA | U97: Losa de Concreto Reforzado con rieles de FFCC
U98: Otros
C99: Material: | E99: Plancha Metálica | G99: 1 | H99: Tipo: | L99: 5
C101: Espesor: | E101: 5 pulg | G101: 2 | H101: Nº de Vigas | L101: 6 | U101: ELEMENTOS SECUNDARIOS
U102: VIGA | V102: MIXTA
C103: Superficie de Desgaste: | E103: Metálica | G103: 3 | H103: Material | L103: 7 | V103: CAJON
C105: Espesor de Sup.desgaste | E105: 0.05 | G105: 4 | H105: Forma: | L105: 8 | N105: Separación/ejes | R105: 10 | U105: RETICULADO | V105: TABLERO SUEPRIOR
H107: Peralte: | L107: 9 | N107: Ancho-Base | R107: 11
C109: {Si Nº de tramos > 1 y son desiguales, Sección 4}
C111: {Sección 4} | E111: =+IF(E65="Desiguales","(acorde Sección 2, repetir C.3 para cada tramo diferente)","(igual a Sección 3)") -> (igual a Sección 3)
C115: C.4 : SUBESTRUCTURA
C118: {Sección 5}
C119: {Subsección a} | J119: Estribo Izquierdo | N119: Estribo Derecho
C121: Elevación | H121: Tipo: | J121: Gravedad | L121: 1 | N121: Gravedad | P121: 1
H123: Material: | J123: Concreto Armado | L123: 2 | N123: Concreto Armado | P123: 2
C125: Cimentación: | H125: Tipo: | J125: Zapata | L125: 3 | N125: Zapata | P125: 3
H127: Material: | J127: Concreto Armado | L127: 4 | N127: Concreto Armado | P127: 4
C129: {Si Nº de tramos > 1, continua Subsección b}
C132: Tramos | E132: Categoría/Tipo
C134: Iguales | E134: DEFINITIVO | H134: PROVISIONALES | L134: ALCANTARILLA | P134: ARTESANALES
C135: Desiguales | E135: Losa | H135: Modular | L135: Marco | P135: Vigas de Troncos de Arboles
E136: Losa con Vigas | H136: Tipo Yawata | L136: Circular/Ovalada | P136: Arcos/Porticos de Mamposteria de piedra
C137: DEFINITIVO | E137: Portico | H137: Otros | L137: Arco | P137: Arco de Concreto Simple
C138: PROVISIONALES | E138: Arco | L138: Portico | P138: Losa de Concreto Reforzado con rieles de FFCC
C139: ALCANTARILLA | E139: Reticulado | L139: Otros | P139: Otros
C140: ARTESANALES | E140: Colgante
E141: Atirantado
C144: Cond. De Borde | F144: Mat. Predominante Tramo | J144: Material-Losa | M144: Supericie de Desgaste
C145: Simp. Apoyado | G145: Concreto armado | J145: Concreto Armado | N145: Asfalto
C146: Continuo | G146: Concreto Pretensado | J146: Concreto Pretensado | N146: Concreto (Vaciado con Losa)
C147: Gerber | G147: Acero Estructural | J147: Plancha Metálica | N147: Concreto Pobre
C148: Articulado | G148: Cables de Acero | J148: Madera | N148: Madera
C149: Empotrado | G149: Planchas de Acero Corrugado | J149: Otros | N149: Metálica
C150: Sob. El terreno | G150: Madera
C151: Otros | G151: Otros
G152: Perfiles Metálicos
E153: Tipo de Vigas | H153: Material-Vigas | L153: Forma-Viga
E154: No aplicable | H154: Concreto Armado | L154: Rectangular
E155: Viga Longitudinal | H155: Concreto Pretensado | L155: I
E156: Viga Transversal | H156: Metálico | L156: Cajón
E157: Otros | H157: Madera | L157: Reticulada
H158: Otros
C161: Tipo de Elevación | F161: Material-Elevación | J161: Tipo de Cimentación | N161: Material-Cimentación
...

Sheet E.- CROQUIS
D2: SERVICIO DE CONSULTORIA PARA EL INVENTARIO ESPECIALIZADO DE LA INFRAESTRUCTURA VIAL EN LOS TRAMOS DE LA RED VIAL NACIONAL NO CONCESIONADA
A5: FICHA SCAP
B8: SECCION ( E ) : CROQUIS DEL PUENTE
B9: NOMBRE : | C9: =+'A-D.- FICHA'!J10 -> PUENTE
B10: Ruta : | C10: =+'A-D.- FICHA'!P16 -> 3N | H10: Progresiva : | I10: =+'A-D.- FICHA'!P18 -> 30298
B12: ELEVACION
B26: PLANTA
B41: SECCION TRANSVERSAL
B55: =+'A-D.- FICHA'!C48 -> 0

Sheet F.1- CONDICION GLOBAL
E1: SERVICIO DE CONSULTORIA PARA EL INVENTARIO ESPECIALIZADO DE LA INFRAESTRUCTURA VIAL EN LOS TRAMOS DE LA RED VIAL NACIONAL NO CONCESIONADA
A4: FICHA SCAP
A5: SECCION (F): CONDICION DEL PUENTE
C6: Puente : | D6: =+#REF! -> #REF! | F6: Ruta : | G6: =+'A-D.- FICHA'!P16 -> 3N | I6: Progresiva: | K6: =+'A-D.- FICHA'!P18 -> 30298
C8: F.2 :CONDICION GLOBAL DEL PUENTE
D11: 1 | E11: Bueno | G11: 3 | H11: Preocupante | J11: 5 | K11: Pesimo
D13: 0 | E13: Excelente | G13: 2 | H13: Regular | J13: 4 | K13: Malo
C15: Inspector | H15: Fecha de Inspeccion | K15: ='A-D.- FICHA'!N32 -> 46308
C16: Supervisor | H16: Fecha de Revision
C19: Elemento | F19: Descripcion
B21: I. SUPERESTRUCTURA
B22: 168 | C22: Estructura Metálica Bailey | F22: Toda la superficie del piso se encuentra tapada por un conglomerado de piedras chancadas y tierra. Por otro lado presenta corrosión en un poste.
B23: II. SUBESTRUCTURA
B24: 201 | C24: Elevación Cuerpo del Estribo de Concreto Simple | F24: Tanto el apoyo izquierdo como el apoyo de derecho se encuentran sobre sus respectivos estribos cubiertas por un relleno excesivo que puede generar daños. Puede apreciarse crecimiento de musgos y problemas de intemperismo en el estribo izquierdo y derecho
B26: III. DETALLES
B27: 324 | C27: Apoyo articulado de acero | F27: El relleno de boloneria y tierra que se encuentran sobre el estribo derecho es de 90 cm. La acumulación de estos solidos puede afectar la estructura. Se recomienda limpieza.
B28: 341 | C28: Planchas Deslizantes | F28: Las juntas de dilatación o expansión son los espacios que existen entre puente y puente o entre puente y estribo, y sirven para absorber las fuerzas que se producen ya sea por efectos dinámicos o por sismo. En este caso ambas juntas se encuentran cubiertas por barro lo cual no permitiría el correcto trabajo de estos elementos.
B29: IV. CAUCE
B30: 401 | C30: Márgenes del río | F30: Las márgenes del río no son estables y tampoco alineadas evidenciada. Ambas márgenes son de material rocoso que al paso de las aguas y por el mismo terreno se desestabiliza, siendo necesario entonces proteger los márgenes.
B31: 402 | C31: Lecho del río | F31: Es un río con desembocadura en el río y presenta poca pendiente, el flujo de las aguas en épocas de lluvia es fuerte lo que está produciendo degradación y erosiones del lecho del río.
B33: V. ACCESOS
B34: 501 | C34: Señalización | F34: La señalización en sus diversas formas es un componente muy importante para el buen servicio de los puentes, pues constituye elementos de seguridad para el usuario y protegen indirectamente a la estructura. Para este caso se cuenta con las señales informativas y preventivas reglamentarias ambas en buen estado de conservación. Pueden apreciarse que la cimentación del esta con los aceros expuestos.
B35: 510 | C35: Muro de Concreto Armado en accesos | F35: Los muros contra impacto se considerarán elementos preventivos que constituyen un elemento de seguridad y protección de la estructura. Estas estructuras se encuentran cubiertas bajo una capa de 60 cm a 100 cm de altura.
B36: 511 | C36: Pavimento/Afirmado | F36: En el acceso izquierdo se ha acumulado una gran cantidad de material de relleno, lo que dificulta la transitabilidad. Además, se observan cárcavas que afectan la estabilidad del acceso.
B37: 530 | C37: Visibilidad | F37: Debido al alineamiento curvo en los accesos, la visibilidad desde el puente es regular, lo que podría representar un riesgo para la circulación vehicular.

Sheet F.2.-PANEL FOTOGRAFICO
D1: SERVICIO DE CONSULTORIA PARA EL INVENTARIO ESPECIALIZADO DE LA INFRAESTRUCTURA VIAL EN LOS TRAMOS DE LA RED VIAL NACIONAL NO CONCESIONADA
B3: F.2 PANEL FOTOGRAFICO | XFD3: SI
XFD4: NO
B5: NOMBRE | D5: =+'A-D.- FICHA'!J10 -> PUENTE
B6: RUTA | D6: =+'A-D.- FICHA'!P16 -> 3N
B7: PROGRESIVA | D7: =+'A-D.- FICHA'!P18 -> 30298
B9: LISTA DE FOTOGRAFIAS
B10: NRO. | C10: FECHA | D10: DESCRIPCION | E10: DIGITAL
B11: 1 | C11: 45715 | D11: ACCESO IZQUIERDO: Debido al alineamiento curvo la visibilidad desde el puente es regular, lo que podría representar un riesgo para la circulación vehicular.
B12: 2 | C12: 45715 | D12: AFIRMADO ACCESO IZQUIERDO: En el acceso izquierdo se ha acumulado una gran cantidad de material de relleno, lo que dificulta la transitabilidad. Además, se observan cárcavas que afectan la estabilidad del acceso.
B13: 3 | C13: 45715 | D13: ACCESO DERECHO: Debido al alineamiento curvo la visibilidad desde el puente es regular, lo que podría representar un riesgo para la circulación vehicular.
B14: 4 | C14: 45715 | D14: AFIRMADO ACCESO DERECHO: No se observa daños en el afirmado del acceso derecho.
B15: 5 | C15: 45715 | D15: SUPERFICIE DE RODARURA: Se ha acumulado material de relleno a lo largo de la superficie de rodadura, llegando hasta el borde superior de la vereda. Esto ha generado encharcamiento de agua en la superficie de rodadura, además de obstrucción parcial y total en el ingreso del sistema de drenaje.
B16: 6 | C16: 45715 | D16: AGUAS ARRIBA: Márgenes están bien definidas, ya que el terreno es rocoso. Se presenta un caudal torrentoso que transporta material de gran tamaño, lo que podría generar cambios en la estabilidad del cauce en eventos de alta precipitación.
B17: 7 | C17: 45715 | D17: AGUAS ABAJO: Margen izquierda aguas abajo se encuentra material de relleno del talud de la carretera, el cual es altamente erosionable. Se presenta un caudal torrentoso que transporta material de gran tamaño, lo que podría generar cambios en la estabilidad del cauce en eventos de alta precipitación.
B18: 8 | C18: 45715 | D18: ALA IZQUIERDA AGUAS ARRIBA: Se observa decoloración del concreto y acumulación de polvo en la superficie. Además, se presentan rastros de eflorescencia.
B19: 9 | C19: 45715 | D19: ALA DERECHA AGUAS ARRIBA: Se observa decoloración del concreto y acumulación de polvo en la superficie. Además, se presentan rastros de eflorescencia.
B20: 10 | C20: 45715 | D20: ALA IZQUIERDA AGUAS ABAJO: Se observa decoloración del concreto y acumulación de polvo en la superficie. Además, se presentan rastros de eflorescencia.
B21: 11 | C21: 45715 | D21: ALA DERECHA AGUAS ABAJO: Se observa decoloración del concreto y acumulación de polvo en la superficie. Además, se presentan rastros de eflorescencia.
B22: 12 | C22: 45715 | D22: PANTALLA DE ESTRIBO IZQUIERDO: Se observa decoloración del concreto y acumulación de polvo en la superficie.
... B42: 32 | C42: 45715 | D42: SEÑAL INFORMATIVA DEL ACCESO IZQUIERDO: Solo se cuenta con un cartel informativo en el acceso izquierdo, indicando el nombre, la longitud y la capacidad máxima del puente. Los postes con picaduras de oxido.

Sheet G.- CONDICION ESTADISTICA
C1: SERVICIO DE CONSULTORIA PARA EL INVENTARIO ESPECIALIZADO DE LA INFRAESTRUCTURA VIAL EN LOS TRAMOS DE LA RED VIAL NACIONAL NO CONCESIONADA
A3: =+'A-D.- FICHA'!C4 -> FICHA SCAP
A5: G.1 : CONDICION ESTADISTICA DEL PUENTE
A7: =+CONCATENATE("NOMBRE: ",'A-D.- FICHA'!J10) -> NOMBRE: PUENTE | E7: Ruta: | F7: =+'A-D.- FICHA'!P16 -> 3N | J7: PROGRESIVA : | M7: =+'A-D.- FICHA'!P18 -> 30298
A9: tabla 1
A10: CODIGO | B10: DESCRIPCION | D10: METRADO | E10: UND. | F10: Factor de Importancia | G10: CALIFICACION (%) | M10: CONDICION ESTADISTICA DEL PUENTE
G11: 0 | H11: 1 | I11: 2 | J11: 3 | K11: 4 | L11: 5
G12: Muy Bueno | H12: Bueno | I12: Satisfactorio | J12: Marginal | K12: Pobre | L12: Muy Pobre | N12: =IF(M13>4,"MUY MALO",IF(M13>3,"MALO",IF(M13>2,"REGULAR","BUENO"))) -> BUENO
M13: =+F191 -> 1.5554252 | O13: verificaciones
A14: 168 | B14: Estructura Metálica Bailey | D14: =4.7*0.2*31.2 -> 29.328 | E14: und | F14: 1 | G14: 90 | H14: 10 | O14: =SUM(G14:L14) -> 100 | P14: =+IF(O14<=100,+IF(O14=100,"Ok",""),"se pasa") -> Ok
A15: 201 | B15: Elevación Cuerpo del Estribo de Concreto Simple | D15: =66.05*0.5*2 -> 66.05 | E15: m3 | F15: 1 | G15: 70 | H15: 30 | O15: =SUM(G15:L15) -> 100 | P15: =+IF(O15<=100,+IF(O15=100,"Ok",""),"se pasa") -> Ok
A16: 324 | B16: Apoyo articulado de acero | D16: =0.375*5*3.5 -> 6.5625 | E16: und | F16: 0.4 | G16: 50 | I16: 50 | O16: =SUM(G16:L16) -> 100 | P16: =+IF(O16<=100,+IF(O16=100,"Ok",""),"se pasa") -> Ok
A17: 341 | B17: Planchas Deslizantes | D17: =12.78*2*4.7 -> 120.132 | E17: ml | F17: 0.4 | I17: 100 | O17: =SUM(G17:L17) -> 100 | P17: =+IF(O17<=100,+IF(O17=100,"Ok",""),"se pasa") -> Ok
A18: 401 | B18: Márgenes del río | D18: =3.5*0.3*5.3*4 -> 22.26 | E18: ml | F18: 0.6 | H18: 100 | O18: =SUM(G18:L18) -> 100 | P18: =+IF(O18<=100,+IF(O18=100,"Ok",""),"se pasa") -> Ok
A19: 402 | B19: Lecho del río | D19: =31.2*3.5 -> 109.2 | E19: ml | F19: 0.6 | G19: 70 | H19: 30 | O19: =SUM(G19:L19) -> 100 | P19: =+IF(O19<=100,+IF(O19=100,"Ok",""),"se pasa") -> Ok
A20: 501 | B20: Señalización | D20: =31.2*0.6*2 -> 37.44 | E20: und | F20: 0.2 | G20: 100 | O20: =SUM(G20:L20) -> 100 | P20: =+IF(O20<=100,+IF(O20=100,"Ok",""),"se pasa") -> Ok
A21: 504 | B21: Muro de Concreto Armado en accesos | D21: =2*31.2 -> 62.4 | E21: m3 | F21: 0.6 | G21: 50 | H21: 50 | O21: =SUM(G21:L21) -> 100 | P21: =+IF(O21<=100,+IF(O21=100,"Ok",""),"se pasa") -> Ok
A22: 511 | B22: Pavimento/Afirmado | D22: 0 | E22: m2 | F22: 0.2 | H22: 80 | I22: 20 | O22: =SUM(G22:L22) -> 100 | P22: =+IF(O22<=100,+IF(O22=100,"Ok",""),"se pasa") -> Ok
A23: 530 | B23: Visibilidad | D23: 2 | E23: ml | F23: 0.2 | H23: 80 | I23: 20 | O23: =SUM(G23:L23) -> 100 | P23: =+IF(O23<=100,+IF(O23=100,"Ok",""),"se pasa") -> Ok
O24: =SUM(G24:L24) -> 0 | P24: =+IF(O24<=100,+IF(O24=100,"Ok",""),"se pasa")
O25: =SUM(G25:L25) -> 0 | P25: =+IF(O25<=100,+IF(O25=100,"Ok",""),"se pasa")
O26: =SUM(G26:L26) -> 0 | P26: =+IF(O26<=100,+IF(O26=100,"Ok",""),"se pasa")
O27: =SUM(G27:L27) -> 0 | P27: =+IF(O27<=100,+IF(O27=100,"Ok",""),"se pasa")
O28: =SUM(G28:L28) -> 0 | P28: =+IF(O28<=100,+IF(O28=100,"Ok",""),"se pasa")
O29: =SUM(G29:L29) -> 0 | P29: =+IF(O29<=100,+IF(O29=100,"Ok",""),"se pasa")
O30: =SUM(G30:L30) -> 0 | P30: =+IF(O30<=100,+IF(O30=100,"Ok",""),"se pasa")
O31: =SUM(G31:L31) -> 0 | P31: =+IF(O31<=100,+IF(O31=100,"Ok",""),"se pasa")
O32: =SUM(G32:L32) -> 0 | P32: =+IF(O32<=100,+IF(O32=100,"Ok",""),"se pasa")
O33: =SUM(G33:L33) -> 0 | P33: =+IF(O33<=100,+IF(O33=100,"Ok",""),"se pasa")
O34: =SUM(G34:L34) -> 0 | P34: =+IF(O34<=100,+IF(O34=100,"Ok",""),"se pasa")
O35: =SUM(G35:L35) -> 0 | P35: =+IF(O35<=100,+IF(O35=100,"Ok",""),"se pasa")
E36: =+IF(A36=0," ",VLOOKUP(A36,#REF!,7)) | O36: =SUM(G36:L36) -> 0 | P36: =+IF(O36<=100,+IF(O36=100,"Ok",""),"se pasa")
E37: =+IF(A37=0," ",VLOOKUP(A37,#REF!,7))
E38: =+IF(A38=0," ",VLOOKUP(A38,#REF!,7))
E39: =+IF(A39=0," ",VLOOKUP(A39,#REF!,7))
E40: =+IF(A40=0," ",VLOOKUP(A40,#REF!,7))
E41: =+IF(A41=0," ",VLOOKUP(A41,#REF!,7))
E42: =+IF(A42=0," ",VLOOKUP(A42,#REF!,7))
E43: =+IF(A43=0," ",VLOOKUP(A43,#REF!,7))
E44: =+IF(A44=0," ",VLOOKUP(A44,#REF!,7))
O46: SI(A26=0," ",BUSCARV(A26,'CONDICION ESTADISTICA'!$B$143:$D$235,3))
A48: tabla 2 | C48: AJUSTES DE PORCENTAJE POR UMBRAL (%campo * 100 / %umbral) | G48: 25 | H48: 25 | I48: 25 | J48: 25 | K48: 25 | L48: 3
A49: NRO. | C49: DESCRIPCION | G49: CALIFICACION | M49: OBSERVACIONES
G50: 0 | H50: 1 | I50: 2 | J50: 3 | K50: 4 | L50: 5
A51: =+A14 -> 168 | C51: =+B14 -> Estructura Metálica Bailey | G51: =+G14/G$48*100 -> 360 | H51: =+H14/H$48*100 -> 40 | I51: =+I14/I$48*100 -> 0 | J51: =+J14/J$48*100 -> 0 | K51: =+K14/K$48*100 -> 0 | L51: =+L14/L$48*100 -> 0
A52: =+A15 -> 201 | C52: =+B15 -> Elevación Cuerpo del Estribo de Concreto Simple | G52: =+G15/G$48*100 -> 280 | H52: =+H15/H$48*100 -> 120 | I52: =+I15/I$48*100 -> 0 | J52: =+J15/J$48*100 -> 0 | K52: =+K15/K$48*100 -> 0 | L52: =+L15/L$48*100 -> 0
A53: =+A16 -> 324 | C53: =+B16 -> Apoyo articulado de acero | G53: =+G16/G$48*100 -> 200 | H53: =+H16/H$48*100 -> 0 | I53: =+I16/I$48*100 -> 200 | J53: =+J16/J$48*100 -> 0 | K53: =+K16/K$48*100 -> 0 | L53: =+L16/L$48*100 -> 0
A54: =+A17 -> 341 | C54: =+B17 -> Planchas Deslizantes | G54: =+G17/G$48*100 -> 0 | H54: =+H17/H$48*100 -> 0 | I54: =+I17/I$48*100 -> 400 | J54: =+J17/J$48*100 -> 0 | K54: =+K17/K$48*100 -> 0 | L54: =+L17/L$48*100 -> 0
A55: =+A18 -> 401 | C55: =+B18 -> Márgenes del río | G55: =+G18/G$48*100 -> 0 | H55: =+H18/H$48*100 -> 400 | I55: =+I18/I$48*100 -> 0 | J55: =+J18/J$48*100 -> 0 | K55: =+K18/K$48*100 -> 0 | L55: =+L18/L$48*100 -> 0
A56: =+A19 -> 402 | C56: =+B19 -> Lecho del río | G56: =+G19/G$48*100 -> 280 | H56: =+H19/H$48*100 -> 120 | I56: =+I19/I$48*100 -> 0 | J56: =+J19/J$48*100 -> 0 | K56: =+K19/K$48*100 -> 0 | L56: =+L19/L$48*100 -> 0
A57: =+A20 -> 501 | C57: =+B20 -> Señalización | G57: =+G20/G$48*100 -> 400 | H57: =+H20/H$48*100 -> 0 | I57: =+I20/I$48*100 -> 0 | J57: =+J20/J$48*100 -> 0 | K57: =+K20/K$48*100 -> 0 | L57: =+L20/L$48*100 -> 0
A58: =+A21 -> 504 | C58: =+B21 -> Muro de Concreto Armado en accesos | G58: =+G21/G$48*100 -> 200 | H58: =+H21/H$48*100 -> 200 | I58: =+I21/I$48*100 -> 0 | J58: =+J21/J$48*100 -> 0 | K58: =+K21/K$48*100 -> 0 | L58: =+L21/L$48*100 -> 0
A59: =+A22 -> 511 | C59: =+B22 -> Pavimento/Afirmado | G59: =+G22/G$48*100 -> 0 | H59: =+H22/H$48*100 -> 320 | I59: =+I22/I$48*100 -> 80 | J59: =+J22/J$48*100 -> 0 | K59: =+K22/K$48*100 -> 0 | L59: =+L22/L$48*100 -> 0
A60: =+A23 -> 530 | C60: =+B23 -> Visibilidad | G60: =+G23/G$48*100 -> 0 | H60: =+H23/H$48*100 -> 320 | I60: =+I23/I$48*100 -> 80 | J60: =+J23/J$48*100 -> 0 | K60: =+K23/K$48*100 -> 0 | L60: =+L23/L$48*100 -> 0
A61: =+A24 -> 0 | C61: =+B24 -> 0 | G61: =+G24/G$48*100 -> 0 | H61: =+H24/H$48*100 -> 0 | I61: =+I24/I$48*100 -> 0 | J61: =+J24/J$48*100 -> 0 | K61: =+K24/K$48*100 -> 0 | L61: =+L24/L$48*100 -> 0
A62: =+A25 -> 0 | C62: =+B25 -> 0 | G62: =+G25/G$48*100 -> 0 | H62: =+H25/H$48*100 -> 0 | I62: =+I25/I$48*100 -> 0 | J62: =+J25/J$48*100 -> 0 | K62: =+K25/K$48*100 -> 0 | L62: =+L25/L$48*100 -> 0
... A64: =+A27 -> 0 | C64: =+B27 -> 0 | G64: =+G27/G$48*100 -> 0 | H64: =+H27/H$48*100 -> 0 | I64: =+I27/I$48*100 -> 0 | J64: =+J27/J$48*100 -> 0 | K64: =+K27/K$48*100 -> 0 | L64: =+L27/L$48*100 -> 0
A65: =+A28 -> 0 | C65: =+C28 -> 0 | G65: =+G28/G$48*100 -> 0 | H65: =+H28/H$48*100 -> 0 | I65: =+I28/I$48*100 -> 0 | J65: =+J28/J$48*100 -> 0 | K65: =+K28/K$48*100 -> 0 | L65: =+L28/L$48*100 -> 0
A66: =+A30 -> 0 | C66: =+C30 -> 0 | G66: =+G30/G$48*100 -> 0 | H66: =+H30/H$48*100 -> 0 | I66: =+I30/I$48*100 -> 0 | J66: =+J30/J$48*100 -> 0 | K66: =+K30/K$48*100 -> 0 | L66: =+L30/L$48*100 -> 0
A67: =+A31 -> 0 | C67: =+C31 -> 0 | G67: =+G31/G$48*100 -> 0 | H67: =+H31/H$48*100 -> 0 | I67: =+I31/I$48*100 -> 0 | J67: =+J31/J$48*100 -> 0 | K67: =+K31/K$48*100 -> 0 | L67: =+L31/L$48*100 -> 0
A68: =+A32 -> 0 | C68: =+C32 -> 0 | G68: =+G32/G$48*100 -> 0 | H68: =+H32/H$48*100 -> 0 | I68: =+I32/I$48*100 -> 0 | J68: =+J32/J$48*100 -> 0 | K68: =+K32/K$48*100 -> 0 | L68: =+L32/L$48*100 -> 0
A69: =+A33 -> 0 | C69: =+C33 -> 0 | G69: =+G33/G$48*100 -> 0 | H69: =+H33/H$48*100 -> 0 | I69: =+I33/I$48*100 -> 0 | J69: =+J33/J$48*100 -> 0 | K69: =+K33/K$48*100 -> 0 | L69: =+L33/L$48*100 -> 0
A70: =+A34 -> 0 | C70: =+C34 -> 0 | G70: =+G34/G$48*100 -> 0 | H70: =+H34/H$48*100 -> 0 | I70: =+I34/I$48*100 -> 0 | J70: =+J34/J$48*100 -> 0 | K70: =+K34/K$48*100 -> 0 | L70: =+L34/L$48*100 -> 0
A71: =+A35 -> 0 | C71: =+C35 -> 0 | G71: =+G35/G$48*100 -> 0 | H71: =+H35/H$48*100 -> 0 | I71: =+I35/I$48*100 -> 0 | J71: =+J35/J$48*100 -> 0 | K71: =+K35/K$48*100 -> 0 | L71: =+L35/L$48*100 -> 0
A72: =+A36 -> 0 | C72: =+C36 -> 0 | G72: =+G36/G$48*100 -> 0 | H72: =+H36/H$48*100 -> 0 | I72: =+I36/I$48*100 -> 0 | J72: =+J36/J$48*100 -> 0 | K72: =+K36/K$48*100 -> 0 | L72: =+L36/L$48*100 -> 0
A73: =+A37 -> 0 | C73: =+C37 -> 0 | G73: =+G37/G$48*100 -> 0 | H73: =+H37/H$48*100 -> 0 | I73: =+I37/I$48*100 -> 0 | J73: =+J37/J$48*100 -> 0 | K73: =+K37/K$48*100 -> 0 | L73: =+L37/L$48*100 -> 0
A74: =+A38 -> 0 | C74: =+C38 -> 0 | G74: =+G38/G$48*100 -> 0 | H74: =+H38/H$48*100 -> 0 | I74: =+I38/I$48*100 -> 0 | J74: =+J38/J$48*100 -> 0 | K74: =+K38/K$48*100 -> 0 | L74: =+L38/L$48*100 -> 0
A75: =+A39 -> 0 | C75: =+C39 -> 0 | G75: =+G39/G$48*100 -> 0 | H75: =+H39/H$48*100 -> 0 | I75: =+I39/I$48*100 -> 0 | J75: =+J39/J$48*100 -> 0 | K75: =+K39/K$48*100 -> 0 | L75: =+L39/L$48*100 -> 0
A76: =+A40 -> 0 | C76: =+C40 -> 0 | G76: =+G40/G$48*100 -> 0 | H76: =+H40/H$48*100 -> 0 | I76: =+I40/I$48*100 -> 0 | J76: =+J40/J$48*100 -> 0 | K76: =+K40/K$48*100 -> 0 | L76: =+L40/L$48*100 -> 0
A77: =+A41 -> 0 | C77: =+C41 -> 0 | G77: =+G41/G$48*100 -> 0 | H77: =+H41/H$48*100 -> 0 | I77: =+I41/I$48*100 -> 0 | J77: =+J41/J$48*100 -> 0 | K77: =+K41/K$48*100 -> 0 | L77: =+L41/L$48*100 -> 0
... A80: =+A44 -> 0 | C80: =+C44 -> 0 | G80: =+G44/G$48*100 -> 0 | H80: =+H44/H$48*100 -> 0 | I80: =+I44/I$48*100 -> 0 | J80: =+J44/J$48*100 -> 0 | K80: =+K44/K$48*100 -> 0 | L80: =+L44/L$48*100 -> 0
A84: tabla 3 | C84: SUMA DE PORCENTAJES AJUSTADOS DE CONDIC PARA C/ELEM (hasta pasar el 100%)
A85: NRO. | C85: DESCRIPCION | G85: CALIFICACION
G86: 0 | H86: 1 | I86: 2 | J86: 3 | K86: 4 | L86: 5
A87: =+A14 -> 168 | C87: =+B14 -> Estructura Metálica Bailey | G87: =IF(OR(H87>=100,I87>=100,J87>=100),0,+H87+G51) -> 400 | H87: =IF(OR(I87>=100,J87>=100),0,+I87+H51) -> 40 | I87: =IF(J87>=100,0,+J87+I51) -> 0 | J87: =IF(K87>100,0,+K87+J51) -> 0 | K87: =IF(L87>100,0,+L87+K51) -> 0 | L87: =+L51 -> 0
A88: =+A15 -> 201 | C88: =+B15 -> Elevación Cuerpo del Estribo de Concreto Simple | G88: =IF(OR(H88>=100,I88>=100,J88>=100),0,+H88+G52) -> 0 | H88: =IF(OR(I88>=100,J88>=100),0,+I88+H52) -> 120 | I88: =IF(J88>=100,0,+J88+I52) -> 0 | J88: =IF(K88>100,0,+K88+J52) -> 0 | K88: =IF(L88>100,0,+L88+K52) -> 0 | L88: =+L52 -> 0
A89: =+A16 -> 324 | C89: =+B16 -> Apoyo articulado de acero | G89: =IF(OR(H89>=100,I89>=100,J89>=100),0,+H89+G53) -> 0 | H89: =IF(OR(I89>=100,J89>=100),0,+I89+H53) -> 0 | I89: =IF(J89>=100,0,+J89+I53) -> 200 | J89: =IF(K89>100,0,+K89+J53) -> 0 | K89: =IF(L89>100,0,+L89+K53) -> 0 | L89: =+L53 -> 0
A90: =+A17 -> 341 | C90: =+B17 -> Planchas Deslizantes | G90: =IF(OR(H90>=100,I90>=100,J90>=100),0,+H90+G54) -> 0 | H90: =IF(OR(I90>=100,J90>=100),0,+I90+H54) -> 0 | I90: =IF(J90>=100,0,+J90+I54) -> 400 | J90: =IF(K90>100,0,+K90+J54) -> 0 | K90: =IF(L90>100,0,+L90+K54) -> 0 | L90: =+L54 -> 0
A91: =+A18 -> 401 | C91: =+B18 -> Márgenes del río | G91: =IF(OR(H91>=100,I91>=100,J91>=100),0,+H91+G55) -> 0 | H91: =IF(OR(I91>=100,J91>=100),0,+I91+H55) -> 400 | I91: =IF(J91>=100,0,+J91+I55) -> 0 | J91: =IF(K91>100,0,+K91+J55) -> 0 | K91: =IF(L91>100,0,+L91+K55) -> 0 | L91: =+L55 -> 0
A92: =+A19 -> 402 | C92: =+B19 -> Lecho del río | G92: =IF(OR(H92>=100,I92>=100,J92>=100),0,+H92+G56) -> 0 | H92: =IF(OR(I92>=100,J92>=100),0,+I92+H56) -> 120 | I92: =IF(J92>=100,0,+J92+I56) -> 0 | J92: =IF(K92>100,0,+K92+J56) -> 0 | K92: =IF(L92>100,0,+L92+K56) -> 0 | L92: =+L56 -> 0
A93: =+A20 -> 501 | C93: =+B20 -> Señalización | G93: =IF(OR(H93>=100,I93>=100,J93>=100),0,+H93+G57) -> 400 | H93: =IF(OR(I93>=100,J93>=100),0,+I93+H57) -> 0 | I93: =IF(J93>=100,0,+J93+I57) -> 0 | J93: =IF(K93>100,0,+K93+J57) -> 0 | K93: =IF(L93>100,0,+L93+K57) -> 0 | L93: =+L57 -> 0
A94: =+A21 -> 504 | C94: =+B21 -> Muro de Concreto Armado en accesos | G94: =IF(OR(H94>=100,I94>=100,J94>=100),0,+H94+G58) -> 0 | H94: =IF(OR(I94>=100,J94>=100),0,+I94+H58) -> 200 | I94: =IF(J94>=100,0,+J94+I58) -> 0 | J94: =IF(K94>100,0,+K94+J58) -> 0 | K94: =IF(L94>100,0,+L94+K58) -> 0 | L94: =+L58 -> 0
A95: =+A22 -> 511 | C95: =+B22 -> Pavimento/Afirmado | G95: =IF(OR(H95>=100,I95>=100,J95>=100),0,+H95+G59) -> 0 | H95: =IF(OR(I95>=100,J95>=100),0,+I95+H59) -> 400 | I95: =IF(J95>=100,0,+J95+I59) -> 80 | J95: =IF(K95>100,0,+K95+J59) -> 0 | K95: =IF(L95>100,0,+L95+K59) -> 0 | L95: =+L59 -> 0
A96: =+A23 -> 530 | C96: =+B23 -> Visibilidad | G96: =IF(OR(H96>=100,I96>=100,J96>=100),0,+H96+G60) -> 0 | H96: =IF(OR(I96>=100,J96>=100),0,+I96+H60) -> 400 | I96: =IF(J96>=100,0,+J96+I60) -> 80 | J96: =IF(K96>100,0,+K96+J60) -> 0 | K96: =IF(L96>100,0,+L96+K60) -> 0 | L96: =+L60 -> 0
A97: =+A24 -> 0 | C97: =+B24 -> 0 | G97: =IF(OR(H97>=100,I97>=100,J97>=100),0,+H97+G61) -> 0 | H97: =IF(OR(I97>=100,J97>=100),0,+I97+H61) -> 0 | I97: =IF(J97>=100,0,+J97+I61) -> 0 | J97: =IF(K97>100,0,+K97+J61) -> 0 | K97: =IF(L97>100,0,+L97+K61) -> 0 | L97: =+L61 -> 0
A98: =+A25 -> 0 | C98: =+B25 -> 0 | G98: =IF(OR(H98>=100,I98>=100,J98>=100),0,+H98+G62) -> 0 | H98: =IF(OR(I98>=100,J98>=100),0,+I98+H62) -> 0 | I98: =IF(J98>=100,0,+J98+I62) -> 0 | J98: =IF(K98>100,0,+K98+J62) -> 0 | K98: =IF(L98>100,0,+L98+K62) -> 0 | L98: =+L62 -> 0
... A100: =+A27 -> 0 | C100: =+B27 -> 0 | G100: =IF(OR(H100>=100,I100>=100,J100>=100),0,+H100+G64) -> 0 | H100: =IF(OR(I100>=100,J100>=100),0,+I100+H64) -> 0 | I100: =IF(J100>=100,0,+J100+I64) -> 0 | J100: =IF(K100>100,0,+K100+J64) -> 0 | K100: =IF(L100>100,0,+L100+K64) -> 0 | L100: =+L64 -> 0
A101: =+A28 -> 0 | C101: =+C28 -> 0 | G101: =IF(OR(H101>=100,I101>=100,J101>=100),0,+H101+G65) -> 0 | H101: =IF(OR(I101>=100,J101>=100),0,+I101+H65) -> 0 | I101: =IF(J101>=100,0,+J101+I65) -> 0 | J101: =IF(K101>100,0,+K101+J65) -> 0 | K101: =IF(L101>100,0,+L101+K65) -> 0 | L101: =+L65 -> 0
A102: =+A30 -> 0 | C102: =+C30 -> 0 | G102: =IF(OR(H102>=100,I102>=100,J102>=100),0,+H102+G66) -> 0 | H102: =IF(OR(I102>=100,J102>=100),0,+I102+H66) -> 0 | I102: =IF(J102>=100,0,+J102+I66) -> 0 | J102: =IF(K102>100,0,+K102+J66) -> 0 | K102: =IF(L102>100,0,+L102+K66) -> 0 | L102: =+L66 -> 0
A103: =+A31 -> 0 | C103: =+C31 -> 0 | G103: =IF(OR(H103>=100,I103>=100,J103>=100),0,+H103+G67) -> 0 | H103: =IF(OR(I103>=100,J103>=100),0,+I103+H67) -> 0 | I103: =IF(J103>=100,0,+J103+I67) -> 0 | J103: =IF(K103>100,0,+K103+J67) -> 0 | K103: =IF(L103>100,0,+L103+K67) -> 0 | L103: =+L67 -> 0
A104: =+A32 -> 0 | C104: =+C32 -> 0 | G104: =IF(OR(H104>=100,I104>=100,J104>=100),0,+H104+G68) -> 0 | H104: =IF(OR(I104>=100,J104>=100),0,+I104+H68) -> 0 | I104: =IF(J104>=100,0,+J104+I68) -> 0 | J104: =IF(K104>100,0,+K104+J68) -> 0 | K104: =IF(L104>100,0,+L104+K68) -> 0 | L104: =+L68 -> 0
A105: =+A33 -> 0 | C105: =+C33 -> 0 | G105: =IF(OR(H105>=100,I105>=100,J105>=100),0,+H105+G69) -> 0 | H105: =IF(OR(I105>=100,J105>=100),0,+I105+H69) -> 0 | I105: =IF(J105>=100,0,+J105+I69) -> 0 | J105: =IF(K105>100,0,+K105+J69) -> 0 | K105: =IF(L105>100,0,+L105+K69) -> 0 | L105: =+L69 -> 0
A106: =+A34 -> 0 | C106: =+C34 -> 0 | G106: =IF(OR(H106>=100,I106>=100,J106>=100),0,+H106+G70) -> 0 | H106: =IF(OR(I106>=100,J106>=100),0,+I106+H70) -> 0 | I106: =IF(J106>=100,0,+J106+I70) -> 0 | J106: =IF(K106>100,0,+K106+J70) -> 0 | K106: =IF(L106>100,0,+L106+K70) -> 0 | L106: =+L70 -> 0
A107: =+A35 -> 0 | C107: =+C35 -> 0 | G107: =IF(OR(H107>=100,I107>=100,J107>=100),0,+H107+G71) -> 0 | H107: =IF(OR(I107>=100,J107>=100),0,+I107+H71) -> 0 | I107: =IF(J107>=100,0,+J107+I71) -> 0 | J107: =IF(K107>100,0,+K107+J71) -> 0 | K107: =IF(L107>100,0,+L107+K71) -> 0 | L107: =+L71 -> 0
A108: =+A36 -> 0 | C108: =+C36 -> 0 | G108: =IF(OR(H108>=100,I108>=100,J108>=100),0,+H108+G72) -> 0 | H108: =IF(OR(I108>=100,J108>=100),0,+I108+H72) -> 0 | I108: =IF(J108>=100,0,+J108+I72) -> 0 | J108: =IF(K108>100,0,+K108+J72) -> 0 | K108: =IF(L108>100,0,+L108+K72) -> 0 | L108: =+L72 -> 0
A109: =+A37 -> 0 | C109: =+C37 -> 0 | G109: =IF(OR(H109>=100,I109>=100,J109>=100),0,+H109+G73) -> 0 | H109: =IF(OR(I109>=100,J109>=100),0,+I109+H73) -> 0 | I109: =IF(J109>=100,0,+J109+I73) -> 0 | J109: =IF(K109>100,0,+K109+J73) -> 0 | K109: =IF(L109>100,0,+L109+K73) -> 0 | L109: =+L73 -> 0
A110: =+A38 -> 0 | C110: =+C38 -> 0 | G110: =IF(OR(H110>=100,I110>=100,J110>=100),0,+H110+G74) -> 0 | H110: =IF(OR(I110>=100,J110>=100),0,+I110+H74) -> 0 | I110: =IF(J110>=100,0,+J110+I74) -> 0 | J110: =IF(K110>100,0,+K110+J74) -> 0 | K110: =IF(L110>100,0,+L110+K74) -> 0 | L110: =+L74 -> 0
A111: =+A39 -> 0 | C111: =+C39 -> 0 | G111: =IF(OR(H111>=100,I111>=100,J111>=100),0,+H111+G75) -> 0 | H111: =IF(OR(I111>=100,J111>=100),0,+I111+H75) -> 0 | I111: =IF(J111>=100,0,+J111+I75) -> 0 | J111: =IF(K111>100,0,+K111+J75) -> 0 | K111: =IF(L111>100,0,+L111+K75) -> 0 | L111: =+L75 -> 0
A112: =+A40 -> 0 | C112: =+C40 -> 0 | G112: =IF(OR(H112>=100,I112>=100,J112>=100),0,+H112+G76) -> 0 | H112: =IF(OR(I112>=100,J112>=100),0,+I112+H76) -> 0 | I112: =IF(J112>=100,0,+J112+I76) -> 0 | J112: =IF(K112>100,0,+K112+J76) -> 0 | K112: =IF(L112>100,0,+L112+K76) -> 0 | L112: =+L76 -> 0
A113: =+A41 -> 0 | C113: =+C41 -> 0 | G113: =IF(OR(H113>=100,I113>=100,J113>=100),0,+H113+G77) -> 0 | H113: =IF(OR(I113>=100,J113>=100),0,+I113+H77) -> 0 | I113: =IF(J113>=100,0,+J113+I77) -> 0 | J113: =IF(K113>100,0,+K113+J77) -> 0 | K113: =IF(L113>100,0,+L113+K77) -> 0 | L113: =+L77 -> 0
...

Sheet G.2-CONCLUSIONES
D1: SERVICIO DE CONSULTORIA PARA EL INVENTARIO ESPECIALIZADO DE LA INFRAESTRUCTURA VIAL EN LOS TRAMOS DE LA RED VIAL NACIONAL NO CONCESIONADA
B4: FICHA SCAP
B6: SECCION (G): RESUMEN DE LA CONDICION DEL PUENTE Y RECOMENDACIONES
C9: G.2 : OBSERVACIONES Y RECOMENDACIONES
B12: NOMBRE | D12: =+Hoja3!C11 -> PUENTE
B13: RUTA | D13: =+Hoja3!C7 -> 3N
B14: PROGRESIVA | D14: =+Hoja3!C10 -> 30298
B17: OBSERVACIONES | F17: RECOMENDACIONES
B18: ACCIONES NORMATIVAS :
B19: De la inspección realizada podemos indicar las siguientes conclusiones y recomendaciones: • La evaluación de la condición estadística del puente, efectuada bajo la metodología SCAP señala que el puente se encuentra en la calificación "& 'Secc G.1 Eval SCAP'!E205& ", requiriéndose realizar trabajos de reparación a fin de mejorar e incrementar su vida útil."
B28: * El muro de concreto armado que se encuentra en los accesos se encuentra en un estado malo estructuralmente, debido al acero expuesto. | E28: * Realizar reparacion del muro de concreto y pintarlo nuevamente.
B34: * Ausencia de señales preventivas y reglamentarias en ambos accesos. | E34: * Colocar señales preventivas y reglamentarias en ambos accesos.
B40: ACCIONES PREVENTIVAS :
B41: • La evaluación de la condición estadística del puente, efectuada bajo la metodología SCAP señala que el puente se encuentra en la calificación REGULAR, requiriéndose realizar el mantenimiento y algunos trabajos menores de reparación a fin de mejorar e incrementar su vida útil. | E41: • Debe limpiarse el piso metálico de la superestructura y reparar los elementos señalados. • Deben limpiarse la superficie de apoyo fijo que se encuentran obstruidos por bolonería y material de arrastre. • Se recomienda insertar en los bordes de los parapetos o junta que va hacia el piso metálico un ángulo metálico de protección, a fin de evitar posibles desprendimientos del concreto y desobstruirlas. • Efectuar una limpieza general eliminándose basura, malezas y arbustos que rodea al puente a fin de evitar los microclimas que dañan la estructura. • Hacer un hidrolavado general de la estructura.
B49: * Debera realizarse un mantenimiento de la superestructura, debido a que la superficie de desgaste se encuentra con suciedad. | E49: * Realizar limpieza en la superestructura del puente.
B51: * Los estribos deberan ser recubiertos por un material que no filtre el agua para que ya no se genere mas moho. | E51: * Debera cambiarse el muro de concreto armado que se encuentra en los accesos.
B53: * La estructura del puente se encuentra cubierto en parte por vegetacion. Esto dificulta futuros mantenimientos | E53: * Se debera disminuir la vegetacion para que esta no obstruya la vision de los conductores.
B55: ACCIONES EJECUTIVAS :
B56: * El muro de concreto armado presenta acero expuesto. | E56: =_xlfn.CONCAT("De la inspección realizada podemos indicar las siguientes conclusiones:"," Realizar el mantenimiento periodico a fin de mejorar e incrementar la vida útil del ",'A-D.- FICHA'!J10:L10,", a continuacion detallamos las acciones a realizar.") -> De la inspección realizada podemos indicar las siguientes conclusiones: Realizar el mantenimiento periodico a fin de mejorar e incrementar la vida útil del PUENTE, a continuacion detallamos las acciones a realizar.
B57: * El estribo presenta moho.
B58: * La estructura metalica presenta polvo impregnado.
B60: • Limpieza roce y desbroce. • Limpieza de puentes. • Reparación de deterioros superficiales en elementos de concreto. • Reparación de fisuras y grietas en elementos de concreto. | E60: * Realizar reparacion del muro.
E61: • Tratamiento con pintura cementicia con aditivo antibacterial.
E62: * Reparar el estribo utilizando concreto antifiltrante y fuerte contra sulfatos.
E63: * Limpieza de la estructura metalica.
B73: FECHA INSPECCION : | D73: ='A-D.- FICHA'!N32 -> 46308

Sheet AUXILIAR
B3: ELLEMENTOS CONFORMANTES DE UN PUENTE Y SU IMPORTANCIA
B4: Item | C4: Codif. Elemento | D4: 1 | E4: Unidad | F4: Factor Importancia | G4: ELEMENTO
B5: 1 | C5: 101 | D5: Losa de concreto armado (Refuerzo longitudinal) | E5: m3 | F5: 1 | G5: SUPERESTRUCTURA
B6: =1+B5 -> 2 | C6: 102 | D6: Losa de concreto pretensado (Pretensado Longitudinal) | E6: m3 | F6: 1 | G6: SUPERESTRUCTURA | I6: MACRO
B7: =1+B6 -> 3 | C7: 103 | D7: Losa de Concreto Simple | E7: m3 | F7: 0.6 | G7: SUPERESTRUCTURA
B8: =1+B7 -> 4 | C8: 104 | D8: Losa de concreto armado (Refuerzo Transversal) | E8: m3 | F8: 0.6 | G8: SUPERESTRUCTURA
B9: =1+B8 -> 5 | C9: 105 | D9: Losa de concreto pretensado (Pretensado Transversal) | E9: m3 | F9: 0.6 | G9: SUPERESTRUCTURA
B10: =1+B9 -> 6 | C10: 106 | D10: Plancha Metálica Corrugada | E10: m2 | F10: 0.6 | G10: SUPERESTRUCTURA
B11: =1+B10 -> 7 | C11: 107 | D11: Tablero de Madera | E11: ft.2 | F11: 0.6 | G11: SUPERESTRUCTURA
B12: =1+B11 -> 8 | C12: 110 | D12: Viga Principales concreto armado | E12: m3 | F12: 1 | G12: SUPERESTRUCTURA
B13: =1+B12 -> 9 | C13: 111 | D13: Vigas Secundarias de concreto armado | E13: m3 | F13: 0.8 | G13: SUPERESTRUCTURA
B14: =1+B13 -> 10 | C14: 112 | D14: Vigas Principales de concreto pretensado | E14: m3 | F14: 1 | G14: SUPERESTRUCTURA
B15: =1+B14 -> 11 | C15: 113 | D15: Vigas Secundarias de concreto Pretensado | E15: m3 | F15: 0.8 | G15: SUPERESTRUCTURA
B16: =1+B15 -> 12 | C16: 114 | D16: Vigas Principales de Acero Estructural | E16: kg | F16: 1 | G16: SUPERESTRUCTURA
B17: =1+B16 -> 13 | C17: 115 | D17: Vigas Secundarias de Acero | E17: kg | F17: 0.8 | G17: SUPERESTRUCTURA
B18: =1+B17 -> 14 | C18: 116 | D18: Vigas de Madera | E18: ft.2 | F18: 1 | G18: SUPERESTRUCTURA
... B116: =1+B115 -> 112 | C116: 530 | D116: Visibilidad | E116: ml | F116: 0.2 | G116: ACCESOS

Sheet Hoja1
E2: GUIA PARA LA INSPECCION, EVALUACION Y MANTENIMIENTO DE PUENTES
A6: METODOLOGÍA PARA EVALUACION DE PUENTES
A8: CONDICION ESTADISTICA DE LOS ELEMENTOS Y DEL PUENTE
A10: Algoritmos para el análisis.
A12: En esta sección se describe los principales criterios empleados para las opciones de análisis. Los criterios y metodologías, se utilizan al escribir los códigos.
A15: 1 - Concepto de condición estadística
A17: Está sección del presente Manual contiene una explicación y fundamentación ampliada respecto a los procedimientos de cálculo para encontrar un numero que califique la condición, sea de un elemento como del puente.
A21: Se introduce el concepto de condición estadística, como aquel numero que califique la situación del puente y de cada uno de sus elementos. Este valor se deduce de la condición en campo, que corresponde a varios números, expresados en la forma de porcentajes de la situación del elemento en la escala de 0 a 5.
A26: En la condición en campo, la situación del elemento está definida por porcentajes, uno para cada escala. Está condición, está relacionada directamente con las necesidades de reparación o sustitución del elemento.
A30: La condición estadística, corresponde a un solo número que calificaría situación integral del elemento. Es utilizada para el cálculo de la condición del puente, y de ahí para la priorización. Obsérvese que puede darse el caso de varias condiciones de campo que conduzcan a un mismo valor de condición estadística.
A35: En esta sección se describen los criterios y metodologías empleados para las opciones de análisis.
A37: 2 - Condición estadística de un elemento
A39: Como se menciono, se introduce el concepto de condición estadística que simplifica en un número, la información de la condición del elemento proveniente, del trabajo de campo.
A42: La condición del elemento evaluada en campo, se expresa, según se ilustra en la Tabla 1, para un puente hipotético, como porcentajes para cada nivel de condición, desde 0 (muy bueno), hasta 5 (muy pobre). Así, el elemento 101, tiene el 10% en calidad satisfactoria, el 40% como bueno y el 50% como muy bueno.
B47: Tabla 1
B48: Ejemplo para la condición de cuatro elementos de un puente, según evaluación de campo.
B49: Porcentajes de la condición para cada elemento
A50: Elemento | C50: Nivel de la condición
C51: 5 | D51: 4 | E51: 3 | F51: 2 | G51: 1 | H51: 0 | I51: Total %
C52: Muy pobre | D52: Pobre | E52: Marginal | F52: Satisfactorio | G52: Bueno | H52: Muy Bueno
A53: 101 | C53: 0 | D53: 0 | E53: 0 | F53: 10 | G53: 40 | H53: 50 | I53: =SUM(C53:H53) -> 100
A54: 201 | C54: 0 | D54: 20 | E54: 20 | F54: 20 | G54: 20 | H54: 20 | I54: =SUM(C54:H54) -> 100
A55: 301 | C55: 10 | D55: 20 | E55: 50 | F55: 20 | G55: 0 | H55: 0 | I55: =SUM(C55:H55) -> 100
A56: 401 | C56: 2 | D56: 10 | E56: 28 | F56: 30 | G56: 20 | H56: 10 | I56: =SUM(C56:H56) -> 100
A57: 501 | C57: 0 | D57: 0 | E57: 40 | F57: 30 | G57: 20 | H57: 10 | I57: =SUM(C57:H57) -> 100
A59: La intención es expresar está situación dispersa, en un solo número que represente la condición global de cada elemento. EI procedimiento adoptado por el SCAP, es como sigue:
A63: UNIDAD GERENCIAL DE CONSERVACION | I63: 192
A64: AREA DE CONSERVACION DE PUENTES
E67: GUIA PARA LA INSPECCION, EVALUACION Y MANTENIMIENTO DE PUENTES
A71: 2.1 | B71: EI primer paso corresponde a ajustar la distribución de porcentajes, a condiciones umbral. Este ajuste se basa en la percepción, de que si un porcentaje significativo de un elemento está en un nivel dado de condición, entonces el elemento debiera ser evaluado como si totalmente estuviera en esa condición. EI proceso de ajuste corresponde a dividir el porcentaje de distribución de campo por aquel del umbral, y multiplicar el resultado por 100.
B77: Adoptamos un umbral del 3% para el nivel de condición 5, y 25% para los otros estados. Esto significa, por ejemplo, que basta que el 3% del elemento este en la condición 5 (muy pobre), para considerar está situación como la del total del elemento.
B81: Igualmente, si el 25% del elemento está en la condición 4 (pobre), está será la condición del elemento.
B84: El resultado del primer paso para el ejemplo, se muestra en la siguiente Tabla 2.
B86: Tabla 2
B87: Ajustes según porcentaje de umbral (%campo * 100 / %umbral)
B88: Porcentajes ajustados de la condición para cada elemento
A89: Elemento | C89: Nivel de la condición
C90: 5 | D90: 4 | E90: 3 | F90: 2 | G90: 1 | H90: 0 | L90: 5 | M90: 4 | N90: 3 | O90: 2 | P90: 1 | Q90: 0
C91: Muy pobre | D91: Pobre | E91: Marginal | F91: Satisfactorio | G91: Bueno | H91: Muy Bueno | L91: Muy pobre | M91: Pobre | N91: Marginal | O91: Satisfactorio | P91: Bueno | Q91: Muy Bueno
A92: 101 | C92: =ROUNDDOWN(+C53*100/3,0) -> 0 | D92: =ROUNDDOWN(+D53*100/25,0) -> 0 | E92: =ROUNDDOWN(+E53*100/25,0) -> 0 | F92: =ROUNDDOWN(+F53*100/25,0) -> 40 | G92: =ROUNDDOWN(+G53*100/25,0) -> 160 | H92: =ROUNDDOWN(+H53*100/25,0) -> 200 | L92: =+C92 -> 0 | M92: =+C92+D92 -> 0 | N92: =+C92+D92+E92 -> 0 | O92: =+C92+D92+E92+F92 -> 40 | P92: =+C92+D92+E92+F92+G92 -> 200 | Q92: =+C92+D92+E92+F92+G92+H92 -> 400
A93: 201 | C93: =ROUNDDOWN(+C54*100/3,0) -> 0 | D93: =ROUNDDOWN(+D54*100/25,0) -> 80 | E93: =ROUNDDOWN(+E54*100/25,0) -> 80 | F93: =ROUNDDOWN(+F54*100/25,0) -> 80 | G93: =ROUNDDOWN(+G54*100/25,0) -> 80 | H93: =ROUNDDOWN(+H54*100/25,0) -> 80 | L93: =+C93 -> 0 | M93: =+C93+D93 -> 80 | N93: =+C93+D93+E93 -> 160 | O93: =+C93+D93+E93+F93 -> 240 | P93: =+C93+D93+E93+F93+G93 -> 320 | Q93: =+C93+D93+E93+F93+G93+H93 -> 400
A94: 301 | C94: =ROUNDDOWN(+C55*100/3,0) -> 333 | D94: =ROUNDDOWN(+D55*100/25,0) -> 80 | E94: =ROUNDDOWN(+E55*100/25,0) -> 200 | F94: =ROUNDDOWN(+F55*100/25,0) -> 80 | G94: =ROUNDDOWN(+G55*100/25,0) -> 0 | H94: =ROUNDDOWN(+H55*100/25,0) -> 0 | L94: =+C94 -> 333 | M94: =+C94+D94 -> 413 | N94: =+C94+D94+E94 -> 613 | O94: =+C94+D94+E94+F94 -> 693 | P94: =+C94+D94+E94+F94+G94 -> 693 | Q94: =+C94+D94+E94+F94+G94+H94 -> 693
A95: 401 | C95: =ROUNDDOWN(+C56*100/3,0) -> 66 | D95: =ROUNDDOWN(+D56*100/25,0) -> 40 | E95: =ROUNDDOWN(+E56*100/25,0) -> 112 | F95: =ROUNDDOWN(+F56*100/25,0) -> 120 | G95: =ROUNDDOWN(+G56*100/25,0) -> 80 | H95: =ROUNDDOWN(+H56*100/25,0) -> 40 | L95: =+C95 -> 66 | M95: =+C95+D95 -> 106 | N95: =+C95+D95+E95 -> 218 | O95: =+C95+D95+E95+F95 -> 338 | P95: =+C95+D95+E95+F95+G95 -> 418 | Q95: =+C95+D95+E95+F95+G95+H95 -> 458
A96: 501 | C96: =ROUNDDOWN(+C57*100/3,0) -> 0 | D96: =ROUNDDOWN(+D57*100/25,0) -> 0 | E96: =ROUNDDOWN(+E57*100/25,0) -> 160 | F96: =ROUNDDOWN(+F57*100/25,0) -> 120 | G96: =ROUNDDOWN(+G57*100/25,0) -> 80 | H96: =ROUNDDOWN(+H57*100/25,0) -> 40 | L96: =+C96 -> 0 | M96: =+C96+D96 -> 0 | N96: =+C96+D96+E96 -> 160 | O96: =+C96+D96+E96+F96 -> 280 | P96: =+C96+D96+E96+F96+G96 -> 360 | Q96: =+C96+D96+E96+F96+G96+H96 -> 400
A98: 2.2 | B98: En el segundo paso, se acumulan los porcentajes ajustados, desde la condición más pobre a aquella muy buena. La suma se detiene al sobrepasar 100%.
B101: Es importante considerar que el proceso debe efectuarse desde la condición más desfavorable, desde la 5 a la 0. Se establece un criterio conservador al cálculo de la condición estadística del elemento.
B105: EI resultado se presenta en la Tabla 3.
B107: Tabla 3
B108: Suma por elemento comenzando por la condición 5 hasta que la suma exceda de 100%
B109: Suma de porcentajes ajustados de la condición para cada elemento
A110: Elemento | C110: Nivel de la condición
C111: 5 | D111: 4 | E111: 3 | F111: 2 | G111: 1 | H111: 0 | L111: 5 | M111: 4 | N111: 3 | O111: 2 | P111: 1 | Q111: 0
C112: Muy pobre | D112: Pobre | E112: Marginal | F112: Satisfactorio | G112: Bueno | H112: Muy Bueno | L112: Muy pobre | M112: Pobre | N112: Marginal | O112: Satisfactorio | P112: Bueno | Q112: Muy Bueno
A113: 101 | C113: =+IF(L92<100,L92,L92) -> 0 | D113: =+IF(L92<100,M92,0) -> 0 | E113: =+IF(M92<100,N92,0) -> 0 | F113: =+IF(N92<100,O92,0) -> 40 | G113: =+IF(O92<100,P92,0) -> 200 | H113: =+IF(P92<100,Q92,0) -> 0 | L113: =+C113 -> 0 | M113: =+C113+D113 -> 0 | N113: =+C113+D113+E113 -> 0 | O113: =+C113+D113+E113+F113 -> 40 | P113: =+C113+D113+E113+F113+G113 -> 240 | Q113: =+C113+D113+E113+F113+G113+H113 -> 240
A114: 201 | C114: =+IF(L93<100,L93,L93) -> 0 | D114: =+IF(L93<100,M93,0) -> 80 | E114: =+IF(M93<100,N93,0) -> 160 | F114: =+IF(N93<100,O93,0) -> 0 | G114: =+IF(O93<100,P93,0) -> 0 | H114: =+IF(P93<100,Q93,0) -> 0 | L114: =+C114 -> 0 | M114: =+C114+D114 -> 80 | N114: =+C114+D114+E114 -> 240 | O114: =+C114+D114+E114+F114 -> 240 | P114: =+C114+D114+E114+F114+G114 -> 240 | Q114: =+C114+D114+E114+F114+G114+H114 -> 240
A115: 301 | C115: =+IF(L94<100,L94,L94) -> 333 | D115: =+IF(L94<100,M94,0) -> 0 | E115: =+IF(M94<100,N94,0) -> 0 | F115: =+IF(N94<100,O94,0) -> 0 | G115: =+IF(O94<100,P94,0) -> 0 | H115: =+IF(P94<100,Q94,0) -> 0 | L115: =+C115 -> 333 | M115: =+C115+D115 -> 333 | N115: =+C115+D115+E115 -> 333 | O115: =+C115+D115+E115+F115 -> 333 | P115: =+C115+D115+E115+F115+G115 -> 333 | Q115: =+C115+D115+E115+F115+G115+H115 -> 333
A116: 401 | C116: =+IF(L95<100,L95,L95) -> 66 | D116: =+IF(L95<100,M95,0) -> 106 | E116: =+IF(M95<100,N95,0) -> 0 | F116: =+IF(N95<100,O95,0) -> 0 | G116: =+IF(O95<100,P95,0) -> 0 | H116: =+IF(P95<100,Q95,0) -> 0 | L116: =+C116 -> 66 | M116: =+C116+D116 -> 172 | N116: =+C116+D116+E116 -> 172 | O116: =+C116+D116+E116+F116 -> 172 | P116: =+C116+D116+E116+F116+G116 -> 172 | Q116: =+C116+D116+E116+F116+G116+H116 -> 172
A117: 501 | C117: =+IF(L96<100,L96,L96) -> 0 | D117: =+IF(L96<100,M96,0) -> 0 | E117: =+IF(M96<100,N96,0) -> 160 | F117: =+IF(N96<100,O96,0) -> 0 | G117: =+IF(O96<100,P96,0) -> 0 | H117: =+IF(P96<100,Q96,0) -> 0 | L117: =+C117 -> 0 | M117: =+C117+D117 -> 0 | N117: =+C117+D117+E117 -> 160 | O117: =+C117+D117+E117+F117 -> 160 | P117: =+C117+D117+E117+F117+G117 -> 160 | Q117: =+C117+D117+E117+F117+G117+H117 -> 160
A119: 2.3 | B119: Como tercer paso, los porcentajes son reajustados nuevamente, tal que la suma sea igual a 100, que corresponde al total del elemento. EI resultado se muestra en la Tabla 4. Se obtiene así, la condición de umbral.
A128: UNIDAD GERENCIAL DE CONSERVACION | I128: =1+I63 -> 193
A129: AREA DE CONSERVACION DE PUENTES
E132: GUIA PARA LA INSPECCION, EVALUACION Y MANTENIMIENTO DE PUENTES
B136: Tabla 4
B137: Reajuste de valores hasta sumar 100% desde la condicón más desfavorable
B138: Porcentajes , según ajuste final, de la condición para cada elemento
A139: Elemento | C139: Nivel de la condición
C140: 5 | D140: 4 | E140: 3 | F140: 2 | G140: 1 | H140: 0 | I140: Total %
C141: Muy pobre | D141: Pobre | E141: Marginal | F141: Satisfactorio | G141: Bueno | H141: Muy Bueno
A142: 101 | C142: =+IF(L113>100,100,L113) -> 0 | D142: =+IF(L113>=100,0,IF(M113>100,100-L113,D113)) -> 0 | E142: =+IF(M113>=100,0,IF(N113>100,100-M113,E113)) -> 0 | F142: =+IF(N113>=100,0,IF(O113>100,100-N113,F113)) -> 40 | G142: =+IF(O113>=100,0,IF(P113>100,100-O113,G113)) -> 60 | H142: =+IF(P113>=100,0,IF(Q113>100,100-P113,H113)) -> 0 | I142: =SUM(C142:H142) -> 100
A143: 201 | C143: =+IF(L114>100,100,L114) -> 0 | D143: =+IF(L114>=100,0,IF(M114>100,100-L114,D114)) -> 80 | E143: =+IF(M114>=100,0,IF(N114>100,100-M114,E114)) -> 20 | F143: =+IF(N114>=100,0,IF(O114>100,100-N114,F114)) -> 0 | G143: =+IF(O114>=100,0,IF(P114>100,100-O114,G114)) -> 0 | H143: =+IF(P114>=100,0,IF(Q114>100,100-P114,H114)) -> 0 | I143: =SUM(C143:H143) -> 100
A144: 301 | C144: =+IF(L115>100,100,L115) -> 100 | D144: =+IF(L115>=100,0,IF(M115>100,100-L115,D115)) -> 0 | E144: =+IF(M115>=100,0,IF(N115>100,100-M115,E115)) -> 0 | F144: =+IF(N115>=100,0,IF(O115>100,100-N115,F115)) -> 0 | G144: =+IF(O115>=100,0,IF(P115>100,100-O115,G115)) -> 0 | H144: =+IF(P115>=100,0,IF(Q115>100,100-P115,H115)) -> 0 | I144: =SUM(C144:H144) -> 100
A145: 401 | C145: =+IF(L116>100,100,L116) -> 66 | D145: =+IF(L116>=100,0,IF(M116>100,100-L116,D116)) -> 34 | E145: =+IF(M116>=100,0,IF(N116>100,100-M116,E116)) -> 0 | F145: =+IF(N116>=100,0,IF(O116>100,100-N116,F116)) -> 0 | G145: =+IF(O116>=100,0,IF(P116>100,100-O116,G116)) -> 0 | H145: =+IF(P116>=100,0,IF(Q116>100,100-P116,H116)) -> 0 | I145: =SUM(C145:H145) -> 100
A146: 501 | C146: =+IF(L117>100,100,L117) -> 0 | D146: =+IF(L117>=100,0,IF(M117>100,100-L117,D117)) -> 0 | E146: =+IF(M117>=100,0,IF(N117>100,100-M117,E117)) -> 100 | F146: =+IF(N117>=100,0,IF(O117>100,100-N117,F117)) -> 0 | G146: =+IF(O117>=100,0,IF(P117>100,100-O117,G117)) -> 0 | H146: =+IF(P117>=100,0,IF(Q117>100,100-P117,H117)) -> 0 | I146: =SUM(C146:H146) -> 100
A148: 2.4 | B148: Para el último paso, se requiere reducir está condición de umbral a un solo numero que constituirá precisamente la condición estadística del elemento. Se adopta un criterio para la obtención de un promedio pesado por elemento. A fin de darle mayor participación o peso a los valores más desfavorables, se está usando el denominado quinto momento en estadística. Se obtiene de la siguiente manera:
B154: • | C154: Los productos del nivel de condición de umbral (elevado a la quinta) por el porcentaje ajustado (entre 100).
B157: • | C157: La suma de estos productos.
B159: • | C159: La raíz quinta de esta suma.
B161: EI procedimiento se ilustra en la Tabla 5.
B163: Tabla 5
B164: Condición estadística de cada elemento, utilizando el quinto momento
B165: Valor a nivel de condición a la quinta por el porcentaje reajustado
A166: Elemento | C166: Nivel de la condición
C167: 5 | D167: 4 | E167: 3 | F167: 2 | G167: 1 | H167: 0 | I167: Condición estadística
C168: Muy pobre | D168: Pobre | E168: Marginal | F168: Satisfactorio | G168: Bueno | H168: Muy Bueno
A169: 101 | C169: =+C$167^5*C142/100 -> 0 | D169: =+D$167^5*D142/100 -> 0 | E169: =+E$167^5*E142/100 -> 0 | F169: =+F$167^5*F142/100 -> 12.8 | G169: =+G$167^5*G142/100 -> 0.6 | H169: =+H$167^5*H142/100 -> 0 | I169: =ROUND((SUM(C169:H169))^0.2,2) -> 1.68
A170: 201 | C170: =+C$167^5*C143/100 -> 0 | D170: =+D$167^5*D143/100 -> 819.2 | E170: =+E$167^5*E143/100 -> 48.6 | F170: =+F$167^5*F143/100 -> 0 | G170: =+G$167^5*G143/100 -> 0 | H170: =+H$167^5*H143/100 -> 0 | I170: =ROUND((SUM(C170:H170))^0.2,2) -> 3.87
A171: 301 | C171: =+C$167^5*C144/100 -> 3125 | D171: =+D$167^5*D144/100 -> 0 | E171: =+E$167^5*E144/100 -> 0 | F171: =+F$167^5*F144/100 -> 0 | G171: =+G$167^5*G144/100 -> 0 | H171: =+H$167^5*H144/100 -> 0 | I171: =ROUND((SUM(C171:H171))^0.2,2) -> 5
A172: 401 | C172: =+C$167^5*C145/100 -> 2062.5 | D172: =+D$167^5*D145/100 -> 348.16 | E172: =+E$167^5*E145/100 -> 0 | F172: =+F$167^5*F145/100 -> 0 | G172: =+G$167^5*G145/100 -> 0 | H172: =+H$167^5*H145/100 -> 0 | I172: =ROUND((SUM(C172:H172))^0.2,2) -> 4.75
A173: 501 | C173: =+C$167^5*C146/100 -> 0 | D173: =+D$167^5*D146/100 -> 0 | E173: =+E$167^5*E146/100 -> 243 | F173: =+F$167^5*F146/100 -> 0 | G173: =+G$167^5*G146/100 -> 0 | H173: =+H$167^5*H146/100 -> 0 | I173: =ROUND((SUM(C173:H173))^0.2,2) -> 3
B175: EI resultado final es la condición estadística por elemento. Para efectos comparativos, considérese el elemento 101 del ejemplo:
B178: • | C178: En la condición de campo, la calificación era la siguiente: 10% en la condición 2, el 40% en la condición 1, y el 50% en la condición 0.
B181: • | C181: En la condición estadística, la calificación es de 1.68 (intermedia entre las condiciones 1 y 2). Esto muestra el carácter adecuadamente conservador del procedimiento.
A185: 3 - Condición estadística del puente
A187: A partir del cálculo de la condición estadística de los elementos, será posible calcular la condición estadística para el puente.
A190: EI método que se está utilizando es el siguiente:
A193: UNIDAD GERENCIAL DE CONSERVACION | I193: =1+I128 -> 194
A194: AREA DE CONSERVACION DE PUENTES
E197: GUIA PARA LA INSPECCION, EVALUACION Y MANTENIMIENTO DE PUENTES
B201: • | C201: Se determina el número de elementos del puente (N)
B203: • | C203: Se determina el factor de importancia que el elemento tiene en relación con el puente.
...

Sheet Hoja3
B2: UBICACIÓN GENERAL DEL PUENTE
B3: Distrito: | C3: =+'A-D.- FICHA'!J20 -> Matalaque
B4: Provincia: | C4: =+'A-D.- FICHA'!J18 -> LIMA
B5: Departamento Político: | C5: =+'A-D.- FICHA'!J14 -> LIMA
B6: Departamento Vial: | C6: =+'A-D.- FICHA'!J16 -> LIMA
B7: Ruta: | C7: =+'A-D.- FICHA'!P16 -> 3N
B8: Tipo de Ruta: | C8: =+'A-D.- FICHA'!P20 -> Nacional
B9: Tramo: | C9: =+'A-D.- FICHA'!E20 -> 0
B10: Progresiva: | C10: =+'A-D.- FICHA'!P18 -> 30298
B11: Puente: | C11: =+'A-D.- FICHA'!J10 -> PUENTE
B12: DESCRIPCION DE LA SUPERESTRUCTURA
B13: Tipo: | C13: =+'A-D.- FICHA'!E79 -> Modular
B14: Material: | C14: =+'A-D.- FICHA'!E85 -> Perfiles Metálicos
B15: N° de vanos: | C15: =+'A-D.- FICHA'!E63 -> 1
B16: Condición de borde: | C16: =+'A-D.- FICHA'!E83 -> Simp. Apoyado
B17: Longitud Total: | C17: =+'A-D.- FICHA'!E67 -> 31.2
B18: Calzada: | C18: =+'A-D.- FICHA'!E103 -> Metálica
B19: N° Vías: | C19: =+'A-D.- FICHA'!E34 -> 1
B20: Sobre Carga Diseño: | C20: =+'A-D.- FICHA'!E38 -> N/A
B21: Espesor de Losa: | C21: =+'A-D.- FICHA'!E101 -> 5 pulg
B22: Eje de Viga(s) | C22: =+'A-D.- FICHA'!P105 -> 0
B23: Altura de Viga(s) | C23: =+'A-D.- FICHA'!J107 -> 0
B24: N° Vigas | C24: =+'A-D.- FICHA'!J101 -> 0
B25: DESCRIPCCION DE LA INFRAESTRUCTURA
B26: Estribos: | C26: =+'A-D.- FICHA'!J121 -> Gravedad
B27: Pilares: | C27: =IF(+'A-D.- FICHA'!G184=0,"No aplica",+'A-D.- FICHA'!G184=0) -> No aplica
